<?xml version="1.0" standalone="yes"?>
<mi:PackageInstaller xmlns:mi="http://www.composite.net/ns/management/packageinstaller/1.0">
	<mi:PackageRequirements minimumCompositeVersion="4.0.4849.17239" maximumCompositeVersion="9.9999.9999.9999" />
	<mi:PackageInformation name="My.Content.News" groupName="My.Content" version="1.0.0" author="tai" website="http://thiendia.com" readMoreUrl="http://lauxanh.us" id="520ae9e2-758d-4ba2-8eb5-651a6d706c19" canBeUninstalled="true" systemLocking="hard" flushOnCompletion="true">
		<TechnicalDetails>news module</TechnicalDetails>
		<Description>news module</Description>
	</mi:PackageInformation>
	<mi:PackageFragmentInstallerBinaries />
	<mi:PackageFragmentInstallers>
		<mi:Add installerType="Composite.Core.PackageSystem.PackageFragmentInstallers.FilePackageFragmentInstaller, Composite" uninstallerType="Composite.Core.PackageSystem.PackageFragmentInstallers.FilePackageFragmentUninstaller, Composite">
			<Files>
				<File sourceFilename="~\App_Data/Razor/My/Content/NewsList.cshtml" targetFilename="~\App_Data/Razor/My/Content/NewsList.cshtml" allowOverwrite="false" />
				<File sourceFilename="~\App_Data/Razor/My/Content/NewsDetail.cshtml" targetFilename="~\App_Data/Razor/My/Content/NewsDetail.cshtml" allowOverwrite="false" />
			</Files>
		</mi:Add>
		<mi:Add installerType="Composite.Core.PackageSystem.PackageFragmentInstallers.DynamicDataTypePackageFragmentInstaller, Composite" uninstallerType="Composite.Core.PackageSystem.PackageFragmentInstallers.DynamicDataTypePackageFragmentUninstaller, Composite">
			<Types>
				<Type providerName="GeneratedDataTypesElementProvider" dataTypeDescriptor="&lt;DataTypeDescriptor dataTypeId=&quot;1674c787-582d-4813-ab75-342efe5c532f&quot; name=&quot;News&quot; namespace=&quot;My.Content&quot; title=&quot;News&quot; hasCustomPhysicalSortOrder=&quot;false&quot; isCodeGenerated=&quot;true&quot; cachable=&quot;false&quot; labelFieldName=&quot;Title&quot; typeManagerTypeName=&quot;My.Content.News&quot;&gt;&#xD;&#xA;  &lt;DataAssociations /&gt;&#xD;&#xA;  &lt;DataScopes&gt;&#xD;&#xA;    &lt;DataScopeIdentifier name=&quot;public&quot; /&gt;&#xD;&#xA;  &lt;/DataScopes&gt;&#xD;&#xA;  &lt;KeyPropertyNames&gt;&#xD;&#xA;    &lt;KeyPropertyName name=&quot;Id&quot; /&gt;&#xD;&#xA;  &lt;/KeyPropertyNames&gt;&#xD;&#xA;  &lt;SuperInterfaces&gt;&#xD;&#xA;    &lt;SuperInterface type=&quot;Composite.Data.ProcessControlled.IProcessControlled,Composite&quot; /&gt;&#xD;&#xA;    &lt;SuperInterface type=&quot;Composite.Data.ProcessControlled.ILocalizedControlled,Composite&quot; /&gt;&#xD;&#xA;  &lt;/SuperInterfaces&gt;&#xD;&#xA;  &lt;Fields&gt;&#xD;&#xA;    &lt;DataFieldDescriptor id=&quot;d1e223f2-b992-43ae-ae39-3adfd53ed6e6&quot; name=&quot;Id&quot; isNullable=&quot;false&quot; position=&quot;-1&quot; groupByPriority=&quot;0&quot; inherited=&quot;false&quot; instanceType=&quot;System.Guid, mscorlib, Version=4.0.0.0, Culture=neutral, PublicKeyToken=b77a5c561934e089&quot; storeType=&quot;PhysicalStoreType='Guid'&quot; isReadOnly=&quot;false&quot;&gt;&#xD;&#xA;      &lt;FormRenderingProfile /&gt;&#xD;&#xA;      &lt;ValidationFunctionMarkups /&gt;&#xD;&#xA;    &lt;/DataFieldDescriptor&gt;&#xD;&#xA;    &lt;DataFieldDescriptor id=&quot;e6da6350-bb08-4230-adc8-06f976a2641a&quot; name=&quot;Title&quot; isNullable=&quot;false&quot; position=&quot;0&quot; groupByPriority=&quot;0&quot; inherited=&quot;false&quot; instanceType=&quot;System.String, mscorlib, Version=4.0.0.0, Culture=neutral, PublicKeyToken=b77a5c561934e089&quot; storeType=&quot;PhysicalStoreType='String'Length='1024'&quot; isReadOnly=&quot;false&quot; defaultValue=&quot;ValueType='String'Value=''&quot;&gt;&#xD;&#xA;      &lt;FormRenderingProfile label=&quot;Title&quot; helpText=&quot;&quot; widgetFunctionMarkup=&quot;&amp;lt;f:widgetfunction xmlns:f=&amp;quot;http://www.composite.net/ns/function/1.0&amp;quot; name=&amp;quot;Composite.Widgets.String.TextBox&amp;quot; /&amp;gt;&quot; /&gt;&#xD;&#xA;      &lt;ValidationFunctionMarkups /&gt;&#xD;&#xA;    &lt;/DataFieldDescriptor&gt;&#xD;&#xA;    &lt;DataFieldDescriptor id=&quot;641c14fe-0ad1-41ca-bdfa-fe9433d09bd8&quot; name=&quot;Summary&quot; isNullable=&quot;true&quot; position=&quot;1&quot; groupByPriority=&quot;0&quot; inherited=&quot;false&quot; instanceType=&quot;System.String, mscorlib, Version=4.0.0.0, Culture=neutral, PublicKeyToken=b77a5c561934e089&quot; storeType=&quot;PhysicalStoreType='String'Length='1024'&quot; isReadOnly=&quot;false&quot;&gt;&#xD;&#xA;      &lt;FormRenderingProfile label=&quot;Summary&quot; helpText=&quot;&quot; widgetFunctionMarkup=&quot;&amp;lt;f:widgetfunction xmlns:f=&amp;quot;http://www.composite.net/ns/function/1.0&amp;quot; name=&amp;quot;Composite.Widgets.String.TextArea&amp;quot; /&amp;gt;&quot; /&gt;&#xD;&#xA;      &lt;ValidationFunctionMarkups /&gt;&#xD;&#xA;    &lt;/DataFieldDescriptor&gt;&#xD;&#xA;    &lt;DataFieldDescriptor id=&quot;dffc0e2a-5e5a-48b3-87b6-669ae962ba13&quot; name=&quot;Content&quot; isNullable=&quot;true&quot; position=&quot;2&quot; groupByPriority=&quot;0&quot; inherited=&quot;false&quot; instanceType=&quot;System.String, mscorlib, Version=4.0.0.0, Culture=neutral, PublicKeyToken=b77a5c561934e089&quot; storeType=&quot;PhysicalStoreType='LargeString'&quot; isReadOnly=&quot;false&quot;&gt;&#xD;&#xA;      &lt;FormRenderingProfile label=&quot;Content&quot; helpText=&quot;&quot; widgetFunctionMarkup=&quot;&amp;lt;f:widgetfunction xmlns:f=&amp;quot;http://www.composite.net/ns/function/1.0&amp;quot; name=&amp;quot;Composite.Widgets.String.VisualXhtmlEditor&amp;quot; /&amp;gt;&quot; /&gt;&#xD;&#xA;      &lt;ValidationFunctionMarkups /&gt;&#xD;&#xA;    &lt;/DataFieldDescriptor&gt;&#xD;&#xA;    &lt;DataFieldDescriptor id=&quot;fd774716-bef8-42bc-bf8f-8c03efb9c103&quot; name=&quot;PublishDate&quot; isNullable=&quot;false&quot; position=&quot;3&quot; groupByPriority=&quot;1&quot; inherited=&quot;false&quot; instanceType=&quot;System.DateTime, mscorlib, Version=4.0.0.0, Culture=neutral, PublicKeyToken=b77a5c561934e089&quot; storeType=&quot;PhysicalStoreType='DateTime'&quot; isReadOnly=&quot;false&quot; newInstanceDefaultFieldValue=&quot;&amp;lt;f:function xmlns:f=&amp;quot;http://www.composite.net/ns/function/1.0&amp;quot; name=&amp;quot;Composite.Constant.DateTime&amp;quot;&amp;gt;&amp;lt;f:param name=&amp;quot;Constant&amp;quot; value=&amp;quot;2013-04-26T10:44:00+07:00&amp;quot; /&amp;gt;&amp;lt;/f:function&amp;gt;&quot; defaultValue=&quot;ValueType='DateTimeNow'Value=''&quot;&gt;&#xD;&#xA;      &lt;FormRenderingProfile label=&quot;Publish Date&quot; helpText=&quot;&quot; widgetFunctionMarkup=&quot;&amp;lt;f:widgetfunction xmlns:f=&amp;quot;http://www.composite.net/ns/function/1.0&amp;quot; name=&amp;quot;Composite.Widgets.Date.DateSelector&amp;quot; /&amp;gt;&quot; /&gt;&#xD;&#xA;      &lt;TreeOrderingProfile orderPriority=&quot;1&quot; orderDescending=&quot;true&quot; /&gt;&#xD;&#xA;      &lt;ValidationFunctionMarkups /&gt;&#xD;&#xA;    &lt;/DataFieldDescriptor&gt;&#xD;&#xA;    &lt;DataFieldDescriptor id=&quot;18869a14-a3b2-48ac-82d8-6132f50e6061&quot; name=&quot;Image&quot; isNullable=&quot;true&quot; position=&quot;4&quot; groupByPriority=&quot;0&quot; inherited=&quot;false&quot; instanceType=&quot;System.String, mscorlib, Version=4.0.0.0, Culture=neutral, PublicKeyToken=b77a5c561934e089&quot; storeType=&quot;PhysicalStoreType='String'Length='2048'&quot; isReadOnly=&quot;false&quot; foreignKeyReferenceTypeName=&quot;Composite.Data.Types.IImageFile,Composite&quot;&gt;&#xD;&#xA;      &lt;FormRenderingProfile label=&quot;Image&quot; helpText=&quot;&quot; widgetFunctionMarkup=&quot;&amp;lt;f:widgetfunction xmlns:f=&amp;quot;http://www.composite.net/ns/function/1.0&amp;quot; name=&amp;quot;Composite.Widgets.ImageSelector&amp;quot;&amp;gt;&amp;lt;f:param name=&amp;quot;Required&amp;quot; value=&amp;quot;False&amp;quot; /&amp;gt;&amp;lt;/f:widgetfunction&amp;gt;&quot; /&gt;&#xD;&#xA;      &lt;ValidationFunctionMarkups /&gt;&#xD;&#xA;    &lt;/DataFieldDescriptor&gt;&#xD;&#xA;    &lt;DataFieldDescriptor id=&quot;0d9de027-1f59-49af-a894-a7545fb6a38d&quot; name=&quot;IsPopular&quot; isNullable=&quot;false&quot; position=&quot;5&quot; groupByPriority=&quot;0&quot; inherited=&quot;false&quot; instanceType=&quot;System.Boolean, mscorlib, Version=4.0.0.0, Culture=neutral, PublicKeyToken=b77a5c561934e089&quot; storeType=&quot;PhysicalStoreType='Boolean'&quot; isReadOnly=&quot;false&quot; defaultValue=&quot;ValueType='Boolean'Value='False'&quot;&gt;&#xD;&#xA;      &lt;FormRenderingProfile label=&quot;Is popular&quot; helpText=&quot;&quot; widgetFunctionMarkup=&quot;&amp;lt;f:widgetfunction xmlns:f=&amp;quot;http://www.composite.net/ns/function/1.0&amp;quot; name=&amp;quot;Composite.Widgets.Bool.CheckBox&amp;quot; /&amp;gt;&quot; /&gt;&#xD;&#xA;      &lt;ValidationFunctionMarkups /&gt;&#xD;&#xA;    &lt;/DataFieldDescriptor&gt;&#xD;&#xA;  &lt;/Fields&gt;&#xD;&#xA;&lt;/DataTypeDescriptor&gt;" />
			</Types>
		</mi:Add>
		<mi:Add installerType="Composite.Core.PackageSystem.PackageFragmentInstallers.DataPackageFragmentInstaller, Composite" uninstallerType="Composite.Core.PackageSystem.PackageFragmentInstallers.DataPackageFragmentUninstaller, Composite">
			<Types>
				<Type type="Composite.Data.Types.IGeneratedTypeWhiteList,Composite">
					<Data dataScopeIdentifier="administrated" dataFilename="~\Datas\Composite.Data.Types.IGeneratedTypeWhiteLists_administrated.xml" />
				</Type>
			</Types>
		</mi:Add>
	</mi:PackageFragmentInstallers>
</mi:PackageInstaller>